Notifictn type,Main WorkCtr,Notification,Created on,Completn date,Priority,Priority,PriorityType,Order,Sort field,Description,Created by,Description,Reported by,System status
M1,VSEE1,10215218,01/14/2017,01/16/2017,1,URGENT-Break Sched,P1,10118305,,IT controller offline,MILLSJ,,JOHN MILLS,NOCO ORAS
M1,VSEE1,10217335,01/26/2017,02/01/2017,1,URGENT-Break Sched,P1,20070897,,SADE 1 Technical support,HORTHO,,HORTH  O.,NOCO ORAS
M1,VSEE1,10249997,08/21/2017,09/18/2017,1,URGENT-Break Sched,P1,20073907,3400-BRD-152,Glove box foam installation,HORTHO,VAULT ENTRANCE BIO CARD READER,7003138,NOCO ORAS
M1,VSEE1,10219674,02/10/2017,,1,URGENT-Break Sched,P1,10119337,3400-BRD-301,Recovery - 3rd Floor BIO Reader errors.,BARTLETTK,REC 3RD FL VIRT BAR ENT BIO CARD READER,BARTLETTK,NOPR ORAS
M1,VSEE1,10227744,04/01/2017,05/29/2017,1,URGENT-Break Sched,P1,10120694,3400-SDM-155,Investigate Line Error on Vault door SDM,CVETKOVSKIZ,VAULT DR CONTACT,CVETKOVSKIZ,NOCO ORAS
M1,VSEE1,10227923,04/02/2017,04/04/2017,1,URGENT-Break Sched,P1,20071904,5300-BRD-203,Bio-reader has makfunctioned.,HORTHO,OBSERVATION RM ENT BIO CARD READER,HORTHO,NOCO ORAS
M1,VSEE1,10219100,02/07/2017,,1,URGENT-Break Sched,P1,10119040,5300-SVR-211,Cabinet Network Cables,HORTHO,PS EQUIP PRI CCTV SERVER,HORTH  O.,NOPR ORAS
M1,GKSSS,10210963,12/18/2016,12/20/2016,1,URGENT-Break Sched,P1,10117659,,No heat in PCC,COULOMBEM,,COULOMBEM,NOCO ORAS
M1,GKEST,10216190,01/18/2017,01/25/2017,1,URGENT-Break Sched,P1,10118566,5000,Repair of MagLocks in Export Bay,COULOMBEM,,COULOMBEM,NOCO ORAS
M1,GKSSS,10232704,05/03/2017,05/03/2017,1,URGENT-Break Sched,P1,10121584,,Damage to luggage stairs,MELVINB,,B. MELVIN,NOCO ORAS
M1,GKEST,10241236,06/25/2017,06/28/2017,1,URGENT-Break Sched,P1,20073037,,Lenel system sequences not functioning,MELVINB,,B. MELVIN,NOCO ORAS
M1,GKEST,10213883,01/06/2017,01/13/2017,1,URGENT-Break Sched,P1,20070632,,Recovery overhead doors offline,MELVINB,,B. MELVIN,NOCO ORAS
M1,GKEST,10250625,08/25/2017,08/28/2017,1,URGENT-Break Sched,P1,10124803,,Change out 9V battery- Export Safe Side,BEAUDOINM,,BEAUDOINM,NOCO ORAS
M1,GKEST,10214924,01/11/2017,01/15/2017,1,URGENT-Break Sched,P1,10118240,,Thermostate in the D117 Termination room,MELVINB,,B. MELVIN,NOCO ORAS
M1,GKEST,10213239,01/02/2017,01/13/2017,1,URGENT-Break Sched,P1,10118234,3400-SFB-001A,SFB #1 Fail,MELVINB,"BOX 1, Field Security, Recovery Area GF",B. MELVIN,NOCO ORAS
M1,GKEST,10217633,01/28/2017,01/31/2017,1,URGENT-Break Sched,P1,10118789,3400-SFB-006,SFB Battery Replacement,BARTLETTK,"BOX, Field Security, Recovery Area 4F",BART,NOCO ORAS
M1,GKEST,10217842,01/29/2017,01/31/2017,1,URGENT-Break Sched,P1,10118796,3400-SDM-033,Raven 2 - Door Contact,BARTLETTK,"CONTACT 1, Door, 1FM Raven 2",BARTLETTK,NOCO ORAS
M1,GKEST,10217653,01/28/2017,01/31/2017,1,URGENT-Break Sched,P1,10118795,3400-SDM-036,Raven 3 - Door Contacts,BARTLETTK,"CONTACT 1, Door, 1FM Raven 3",BARTLETTK,NOCO ORAS
M1,GKEST,10217843,01/29/2017,02/16/2017,1,URGENT-Break Sched,P1,10118900,3400-SDM-039,Raven 4 - Door Contact,BARTLETTK,"CONTACT 1, Door, 1FM Raven 4",BARTLETTK,NOCO ORAS
M1,GKEST,10217350,01/26/2017,01/30/2017,1,URGENT-Break Sched,P1,10118717,3900-SDM-001,Overhead Door Is Opening on it's own,BARTLETTK,"CONTACT, Door, GF Outer Export Bay",BARTLETTK,NOCO ORAS
M1,GKEST,10213874,01/06/2017,01/13/2017,1,URGENT-Break Sched,P1,20070630,3400-BRD-015,Bio-reader not functioning,MELVINB,"READER, Bio, IN, 2F Virtual Barrier",B. MELVIN,NOCO ORAS
M1,GKEST,10218319,02/01/2017,02/04/2017,1,URGENT-Break Sched,P1,20071019,3400-BRD-015,"Rec 2F, 3F, 4F BIO Readers Reset",BARTLETTK,"READER, Bio, IN, 2F Virtual Barrier",BARTLETTK,NOCO ORAS
M1,GKEST,10213875,01/06/2017,01/13/2017,1,URGENT-Break Sched,P1,20070631,3400-BRD-016,Bio reader not functioning,MELVINB,"READER, Bio, IN, 3F Virtual Barrier",B. MELVIN,NOCO ORAS
M1,GKEST,10232715,05/03/2017,05/09/2017,1,URGENT-Break Sched,P1,10121588,3400-BRD-012,Sorthouse bioreader is not working,MELVINB,"READER, Bio, IN, GF Single Entry Booth",B. MELVIN,NOCO ORAS
M1,GKEST,10256104,09/09/2017,09/10/2017,1,URGENT-Break Sched,P1,10125137,5300-BRD-001,Sorthouse bioreader down,MELVINB,"READER, Bio, IN, Red Entrance Door 1",B. MELVIN,NOCO ORAS
M1,GKEST,10248952,08/15/2017,08/17/2017,1,URGENT-Break Sched,P1,20073758,5300-BRD-001,Bio reader not working,MELVINB,"READER, Bio, IN, Red Entrance Door 1",B. MELVIN,NOCO ORAS
M1,GKEST,10222477,02/27/2017,03/01/2017,1,URGENT-Break Sched,P1,10119577,5300-BRD-001,Bio reader not working at sorthouse,MELVINB,"READER, Bio, IN, Red Entrance Door 1",B. MELVIN,NOCO ORAS
M1,GKEST,10241405,06/26/2017,06/28/2017,1,URGENT-Break Sched,P1,20073090,5300-BRD-001,reader not accepting finger print,MELVINB,"READER, Bio, IN, Red Entrance Door 1",B. MELVIN,NOCO ORAS
M1,GKEST,10248541,08/12/2017,08/14/2017,1,URGENT-Break Sched,P1,10124387,3400-BRD-010,Safe reader not working,MELVINB,"READER, Bio, IN, Safe Door Import Side",B. MELVIN,NOCO ORAS
M1,VSEE1,10222489,02/27/2017,03/02/2017,3,MEDIUM-Within 1 Mnth,P1,,,Gym Penthouse Security Systems,BARTLETTK,,BARTLETTK,NOCO
M1,VSSS1,10246803,08/01/2017,08/06/2017,3,MEDIUM-Within 1 Mnth,P1,10124122,,Window will not close.,QUACHEGANJ,,QUACHEGANJ,NOCO ORAS
M1,VSEE1,10228356,04/04/2017,,3,MEDIUM-Within 1 Mnth,P1,10122882,,Rght safe door issue - in Cleaning Room.,HORTHO,,HORTHO,NOPR ORAS
M1,VSMM1,10243969,07/13/2017,07/17/2017,3,MEDIUM-Within 1 Mnth,P1,20073306,,Demarcation of import zone,CVETKOVSKIZ,,CVETKOVSKIZ,NOCO ORAS
M1,VSEE1,10246199,07/30/2017,08/14/2017,3,MEDIUM-Within 1 Mnth,P1,10124055,,Camera cleaning (x3).,QUACHEGANJ,,QUACHEGANJ,NOCO ORAS
M1,VSEE1,10211611,12/22/2016,01/03/2017,3,MEDIUM-Within 1 Mnth,P1,10117767,,Blue Zone-Coarse Floats PTZ camera,QUACHEGANJ,,JUNEQ,NOCO ORAS
M1,VSEE1,10211610,12/22/2016,01/03/2017,3,MEDIUM-Within 1 Mnth,P1,10117768,,Blue Zone-Coarse Screen Prep PTZ camera,QUACHEGANJ,,JUNEQ,NOCO ORAS
M1,VSEE1,10211613,12/22/2016,01/03/2017,3,MEDIUM-Within 1 Mnth,P1,10117769,,Blue Zone - Degrit Screen PTZ camera,QUACHEGANJ,,JUNEQ,NOCO ORAS
M1,VSEE1,10211612,12/22/2016,01/03/2017,3,MEDIUM-Within 1 Mnth,P1,10117766,,Blue Zone-Fines Floats PTZ camera,QUACHEGANJ,,JUNEQ,NOCO ORAS
M1,VSEE1,10211642,12/22/2016,05/29/2017,3,MEDIUM-Within 1 Mnth,P1,10117775,,6th Floor DMS Entry camera - no video,QUACHEGANJ,,QUACHEGANJ,NOCO ORAS
M1,VSSS1,10227040,03/26/2017,04/09/2017,3,MEDIUM-Within 1 Mnth,P1,10120310,,Shelf in Supervisor office,HORTHO,,HORTH  O.,NOCO ORAS
M1,VSEE1,10246110,07/29/2017,08/03/2017,3,MEDIUM-Within 1 Mnth,P1,10124059,,Security camera is offline.,QUACHEGANJ,,QUACHEGANJ,NOCO ORAS
M1,VSEE1,10246200,07/30/2017,08/17/2017,3,MEDIUM-Within 1 Mnth,P1,10124057,3312-CMF-001,Camera (Coarse Sink Screens) no signal.,QUACHEGANJ,Mod B Coarse Sinks Screen Fixed Camera,QUACHEGANJ,NOCO ORAS
M1,VSSS1,10220670,02/15/2017,03/18/2017,3,MEDIUM-Within 1 Mnth,P1,10119283,5100-BU-069,Install ladder holding mounts,MILLSJ,"Facility, Server Room Upper Floor",JOHN MILLS,NOCO ORAS
M1,VSSS1,10220667,02/15/2017,03/11/2017,3,MEDIUM-Within 1 Mnth,P1,10119284,5300-BU-072,Replace ceiling tiles,MILLSJ,"Facility, Protect. Services Control Room",JOHN MILLS,NOCO ORAS
M1,VSSS1,10220668,02/15/2017,05/07/2017,3,MEDIUM-Within 1 Mnth,P1,10119285,5300-BU-072,modify air vents in the ceiling,MILLSJ,"Facility, Protect. Services Control Room",JOHN MILLS,NOCO ORAS
M1,VSEE1,10250767,08/27/2017,,3,MEDIUM-Within 1 Mnth,P1,20074056,5800-LV-127,D-7 Radio malfunctioning,QUACHEGANJ,"D-07, Pickup, Dodge Ram 2500",JUNE Q,NOPR ORAS
M1,VSEE1,10231201,04/23/2017,06/21/2017,3,MEDIUM-Within 1 Mnth,P1,10121548,3400-CMF-160 VD-F-160,Camera service needed - grainy image.,HORTHO,CLEANING FACILITY FIXED CAMERA CRUCIBLES,HORTHO,NOCO ORAS
M1,VSEE1,10246382,07/30/2017,08/07/2017,3,MEDIUM-Within 1 Mnth,P1,10124058,3400-CMF-314 VR3-F-314,Camera distorted (x1).,QUACHEGANJ,REC 3RD FL FIXED CAMERA XR1 PRI FINES PR,QUACHEGANJ,NOCO ORAS
M1,VSEE1,10211616,12/22/2016,01/29/2017,3,MEDIUM-Within 1 Mnth,P1,10117771,3400-CMF-318,Rejects Feed Belt Recovery outside tower,QUACHEGANJ,REC 3RD FL FIXED CAMERA,QUACHEGANJ,NOCO ORAS
M1,VSEE1,10211640,12/22/2016,02/05/2017,3,MEDIUM-Within 1 Mnth,P1,10117776,3400-CMF-318,South Dewatering Screen camera,QUACHEGANJ,REC 3RD FL FIXED CAMERA,QUACHEGANJ,NOCO ORAS
M1,VSEE1,10246582,07/31/2017,08/07/2017,3,MEDIUM-Within 1 Mnth,P1,10124052,3400-CMF-407 VR4-F-407,Camera has no signal.,QUACHEGANJ,REC 4TH FL FIXED CAMERA CRSE WEIGH FDR,QUACHEGANJ,NOCO ORAS
M1,VSEE1,10211641,12/22/2016,01/13/2017,3,MEDIUM-Within 1 Mnth,P1,10117777,3400-CMF-411 VR4-F-411,Emerg Exit camera,QUACHEGANJ,REC 4TH FL FIXED CAMERA EMERG EXIT,JUNEQ,NOCO ORAS
M1,VSEE1,10211643,12/22/2016,01/13/2017,3,MEDIUM-Within 1 Mnth,P1,10117778,3400-CMP-502 VR5-P-502,REDS 1&3 PTZ camera,QUACHEGANJ,REC 5TH FL PTZ CAMERA FINES/COARSE REDS,JUNEQ,NOCO ORAS
M1,VSEE1,10225634,03/19/2017,04/14/2017,3,MEDIUM-Within 1 Mnth,P1,10120253,3400-CMP-503 VR5-P-503,Condensation build up inside dome,QUACHEGANJ,REC 5TH FL PTZ CAMERA REDS 1&3,QUACHEGANJ,NOCO ORAS
M1,VSEE1,10218196,02/01/2017,05/29/2017,3,MEDIUM-Within 1 Mnth,P1,10118906,3400-CMP-601 VRD-P-601,Camera service - blurry & shaky.,HORTHO,REC 6TH FL PTZ CAMERA DMS Overview,HORTHO,NOCO ORAS
M1,VSEE1,10224117,03/09/2017,06/02/2017,3,MEDIUM-Within 1 Mnth,P1,10120091,3400-SDM-217,Lenel alarm system did not activate,QUACHEGANJ,CRS SEC 3430-XR-010 DR CONTACT,JUNE Q,NOCO ORAS
M1,VSEE1,10211585,12/22/2016,01/03/2017,3,MEDIUM-Within 1 Mnth,P1,10117772,3730-CMP-001,External PK Tower camera dirty/hazy,QUACHEGANJ,P.K DISPOSAL PTZ CAMERA,JUNEQ,NOCO ORAS
M1,VSEE1,10211586,12/22/2016,01/03/2017,3,MEDIUM-Within 1 Mnth,P1,10117773,3900-CMF-001,E Emerg P5 Exit camera,QUACHEGANJ,EMERGENCY EXIT DRS FIXED CAMERA,JUNEQ,NOCO ORAS
M1,VSEE1,10211588,12/22/2016,01/03/2017,3,MEDIUM-Within 1 Mnth,P1,10117774,3900-CMF-011,Magnetic Separator West camera,QUACHEGANJ,MAGNETIC SEPARATOR 1 FIXED CAMERA,JUNEQ,NOCO ORAS
M1,VSEE1,10211589,12/22/2016,01/03/2017,3,MEDIUM-Within 1 Mnth,P1,10117770,3900-CMF-015 VIC.PPT.F.2.6.270,B Mod Coarse Cyclone camera,QUACHEGANJ,B MOD COARSE CYCLONE FIXED CAMERA,JUNEQ,NOCO ORAS
M1,VSEE1,10211617,12/22/2016,,3,MEDIUM-Within 1 Mnth,P1,10117801,3900-CMF-034,MOD C Fines Sinks Screen camera,QUACHEGANJ,Mod C Fines Sinks Screen FIXED CAMERA,QUACHEGANJ,NOPR ORAS
M1,VSEE1,10211619,12/22/2016,,3,MEDIUM-Within 1 Mnth,P1,10117802,3900-CMF-034,MOD A Coars Sinks Screen camera,QUACHEGANJ,Mod C Fines Sinks Screen FIXED CAMERA,QUACHEGANJ,NOPR ORAS
M1,VSEE1,10211618,12/22/2016,,3,MEDIUM-Within 1 Mnth,P1,10117800,3900-CMF-034,MOD B Coarse Sinks Screen camera,QUACHEGANJ,Mod C Fines Sinks Screen FIXED CAMERA,QUACHEGANJ,NOPR ORAS
M1,VSEE1,10211053,12/19/2016,03/11/2017,3,MEDIUM-Within 1 Mnth,P1,10118236,3900-SSL-002,"Replace indicating lights, mandoor P4.",MILLSJ,BLUE AREA LAYDOWN AREA SECURITY STROBE,MILLSJ,NOCO ORAS
M1,VSEE1,10216399,01/20/2017,04/15/2017,3,MEDIUM-Within 1 Mnth,P1,10118525,5300-SVR-215,IT server room door missing sensor.,MILLSJ,PS EQUIP PRI REPORT SERVER,MILLSJ,NOCO ORAS
M1,GKMPL,10227101,03/26/2017,06/14/2017,3,MEDIUM-Within 1 Mnth,P1,10120324,,Gaps on both sides of the O/H door B/R,MELVINB,,B. MELVIN,NOCO ORAS
M1,GKMPL,10223793,03/07/2017,03/30/2017,3,MEDIUM-Within 1 Mnth,P1,10120337,,Please drill bolts,MELVINB,,B. MELVIN,NOCO ORAS
M1,GKEST,10223272,03/04/2017,04/18/2017,3,MEDIUM-Within 1 Mnth,P1,10119764,,Ballast requires replacing,MELVINB,,B. MELVIN,NOCO ORAS
M1,GKSSS,10223956,03/08/2017,04/17/2017,3,MEDIUM-Within 1 Mnth,P1,10120904,,No heat register in room D108,MELVINB,,B. MELVIN,NOCO NOPT ORAS
M1,GKEST,10222730,03/01/2017,06/28/2017,3,MEDIUM-Within 1 Mnth,P1,10123066,3400-CMF-058,Camera is dirty,MELVINB,"CAMERA, F30058 Srt Hse Glovebox Int 1",B. MELVIN,NOCO ORAS
M1,GKEST,10222871,03/01/2017,06/28/2017,3,MEDIUM-Within 1 Mnth,P1,10123067,3400-CMF-059,Camera is dirty,MELVINB,"CAMERA, F30059 Srt Hse Glovebox Int 2",B. MELVIN,NOCO ORAS
M1,GKEST,10222872,03/01/2017,06/28/2017,3,MEDIUM-Within 1 Mnth,P1,10123068,3400-CMF-060,Camera is dirty,MELVINB,"CAMERA, F30060 Srt Hse Glovebox Int 3",B. MELVIN,NOCO ORAS
M1,GKEST,10222873,03/01/2017,06/28/2017,3,MEDIUM-Within 1 Mnth,P1,10123069,3400-CMF-063,Camera is dirty,MELVINB,"CAMERA, F30063 Srt Hse Glovebox Int 6",B. MELVIN,NOCO ORAS
M1,GKEST,10222875,03/01/2017,06/26/2017,3,MEDIUM-Within 1 Mnth,P1,10123070,3400-CMF-116,Camera is dirty,MELVINB,"CAMERA, F32116 Srt Hse Grease Belt Glvbx",B. MELVIN,NOCO ORAS
M1,GKEST,10212903,12/31/2016,,3,MEDIUM-Within 1 Mnth,P1,,3400-CMF-128,Dirty inside camera housing,MELVINB,"CAMERA, F32128 Srt Hse Grse Blt GBx In 1",B. MELVIN,OSNO
M1,GKEST,10220784,02/16/2017,,3,MEDIUM-Within 1 Mnth,P1,10119420,3300-SFB-001,Install Cable Between SFB and Virtual Ba,BARTLETTK,"BOX, Field Security, DMS Area",BARTLETTK,NOPR ORAS
M1,GKEST,10220785,02/16/2017,,3,MEDIUM-Within 1 Mnth,P1,10119421,3400-SFB-003,Install Cable Between SFB and Virtual Ba,BARTLETTK,"BOX, Field Security, Recovery Area 1F",BARTLETTK,NOPR ORAS
M1,GKEST,10220786,02/16/2017,,3,MEDIUM-Within 1 Mnth,P1,10119422,3400-SFB-004,Install Cable Between SFB and Virtual Ba,BARTLETTK,"BOX, Field Security, Recovery Area 2F",BARTLETTK,NOPR ORAS
M1,GKEST,10220783,02/16/2017,,3,MEDIUM-Within 1 Mnth,P1,10119424,3400-SFB-005,Install Cable Between Recovery SFBs,BARTLETTK,"BOX, Field Security, Recovery Area 3F",BARTLETTK,NOPR ORAS
M1,GKEST,10220787,02/16/2017,,3,MEDIUM-Within 1 Mnth,P1,10119423,3400-SFB-005,Install Cable Between SFB and Virtual Ba,BARTLETTK,"BOX, Field Security, Recovery Area 3F",BARTLETTK,NOPR ORAS
M1,GKEST,10220788,02/16/2017,,3,MEDIUM-Within 1 Mnth,P1,10119425,3400-SFB-006,Install Cable Between SFB and Virtual Ba,BARTLETTK,"BOX, Field Security, Recovery Area 4F",BARTLETTK,NOPR ORAS
M1,VSSS1,10198709,10/17/2016,11/17/2016,4,Medium,PM,10115765,,Light Fixture-Loose - Core shack,HORTHO,,HORTH  O.,NOCO ORAS
M1,VSEE1,10203014,11/12/2016,02/08/2017,4,Medium,PM,10116500,,CMT - Tank - Readers - Offline,HORTHO,,HORTHO,NOCO ORAS
M1,VSEE1,10197999,10/11/2016,11/13/2016,4,Medium,PM,20069372,,Dirty Camera's total - 7,HORTHO,,HORTH  O.,NOCO ORAS
M1,VSEE1,10195419,09/27/2016,09/29/2016,4,Medium,PM,,,Exterior Recovery Export Bay card reader,QUACHEGANJ,,JUNE Q,NOCO
M1,VSEE1,10205421,11/28/2016,11/29/2016,4,Medium,PM,,,Re-wire CM Tank security board,MILLSJ,,JOHN MILLS,NOCO
M1,VSEE1,10189660,09/06/2016,11/07/2016,4,Medium,PM,10114761,,BSP Overhead Door constantly alarming,QUACHEGANJ,,JUNE Q,NOCO NOPT ORAS
M1,VSEE1,10189661,09/06/2016,09/16/2016,4,Medium,PM,10114733,,change ptz home positions,QUACHEGANJ,,JUNE Q,NOCO NOPT ORAS
M1,VSSS1,10207274,12/08/2016,12/12/2016,4,Medium,PM,20070218,,Replace risk assurance door handle,HORTHO,,HORTH  O.,NOCO ORAS
M1,VSEE1,10198010,10/11/2016,10/29/2016,4,Medium,PM,10115648,3400-CMF-422,Camera Adjustment,HORTHO,REJECTS FEED BELT FIXED CAMERA,HORTH  O.,NOCO ORAS
M1,VSEE1,10197997,10/11/2016,11/06/2016,4,Medium,PM,10115646,3400-CMF-604 VR6-F-604,6th floor DMS Entry - Camera repair,HORTHO,6th FLOOR ENTRY/STAIRS TO KOFIXED CAMERA,HORTH  O.,NOCO NOPT ORAS
M1,VSEE1,10192701,09/15/2016,02/18/2017,4,Medium,PM,10115044,3400-CMP-103 VD-P-103-DTC,Mask vault dials on cleaning room camera,HORTHO,CLEANING FACILITY PTZ CAMERA N/E,HORTHO,NOCO ORAS
M1,VSEE1,10201809,11/06/2016,12/15/2016,4,Medium,PM,10116302,3400-CMP-157 VD-P-157-DTC,Fading of PTZ camera - in corners,HORTHO,CLEANING FACILITY PTZ CAMERA S/E,HORTH  O.,NOCO ORAS
M1,VSEE1,10197121,10/07/2016,10/29/2016,4,Medium,PM,10115541,3400-SDM-521,Alarm malfunction - repeating continual,HORTHO,CRS RED MACHINE 3430-MS-004 DR CONTACT,HORTH O.,NOCO ORAS
M1,VSEE1,10197998,10/11/2016,11/08/2016,4,Medium,PM,10115654,3900-CMF-015 VIC.PPT.F.2.6.270,VIC.PPT.F.2.6.270 - Fines Cyclone,HORTHO,B MOD COARSE CYCLONE FIXED CAMERA,HORTH  O.,NOCO NOPT ORAS
M1,VSEE1,10205241,11/26/2016,12/07/2016,4,Medium,PM,10117042,3900-CRD-003,photo sensors need to be readjusted,MILLSJ,BLUE AREA LAYDOWN AREA CARD READER,JOHN MILLS,NOCO ORAS
M1,VSEE1,10204962,11/24/2016,12/09/2016,4,Medium,PM,10117048,3900-CRD-003,Blue Airlock,MILLSJ,BLUE AREA LAYDOWN AREA CARD READER,JOHN MILLS,NOCO ORAS
M1,VSEE1,10206852,12/06/2016,12/15/2016,4,Medium,PM,10117233,5300-CMF-201,Camera service - VIC.PEX.F.2.2.034,HORTHO,BLUE AREA EXIT VEST DR 1 FIXED CAMERA,HORTH  O.,NOCO ORAS
M1,VSEE1,10189222,08/25/2016,09/09/2016,4,Medium,PM,10114375,5300-IND-202G,RED light burnt out,QUACHEGANJ,RED AREA EXIT VEST DR 1 INDICATOR LIGHT,JUNE Q,NOCO ORAS
M1,VSEE1,10201478,11/03/2016,11/06/2016,4,Medium,PM,20069565,5300-IND-211G,North dressing room PLC not resetting,HORTHO,DRESSING RM 1 ENT DR INDICATOR LIGHT,HORTH  O.,NOCO ORAS
M1,VSEE1,10195114,09/26/2016,10/25/2016,4,Medium,PM,10115268,5300-ML-203,Re-align mag lock on door frame to door.,QUACHEGANJ,BLUE AREA EXIT VEST DR 2 ELEC-MAG LOCK,JUNE Q,NOCO ORAS
M1,GKSSS,10201103,11/01/2016,12/20/2016,4,Medium,PM,10117654,,No heat in PCC,COULOMBEM,,COULOMBEM,NOCO ORAS
M1,GKSSS,10201082,10/31/2016,01/17/2017,4,Medium,PM,,,Request replace lock on recovery washroo,COULOMBEM,,COULOMBEM,NOCO NOPT
M1,GKSSS,10199499,10/21/2016,11/22/2016,4,Medium,PM,10116893,,Holes in HVAC room into sort house,COULOMBEM,,COULOMBEM,NOCO ORAS
M1,VSSS1,10247327,08/04/2017,08/04/2017,4,LOW-Opportunistic,P1,,,Schedule PM on A/C unit,QUACHEGANJ,,JUNE Q,NOCO
M1,VSEE1,10219661,02/09/2017,,4,LOW-Opportunistic,P1,10119109,,Glovebox Camera Replacement,BARTLETTK,,BARTLETTK,NOPR ORAS
M1,VSSS1,10213580,01/04/2017,01/07/2017,4,LOW-Opportunistic,P1,20070603,,Loose railings - maintenance,HORTHO,,HORTH  O.,NOCO ORAS
M1,VSEE1,10241226,06/25/2017,,4,LOW-Opportunistic,P1,10123181,,CM Tank East - Card Reader,BARTLETTK,,BARTLETT,NOPR ORAS
M1,VSEE1,10218758,02/04/2017,02/06/2017,4,LOW-Opportunistic,P1,20071076,,Men's washroom - florescent light,HORTHO,,HORTH  O.,NOCO ORAS
M1,VSEE1,10226737,03/23/2017,03/25/2017,4,LOW-Opportunistic,P1,,,I.M. Housekeeping-cables trip hazard,HORTHO,,HORTH  O.,DLFL NOCO
M1,VSSS1,10226735,03/23/2017,04/08/2017,4,LOW-Opportunistic,P1,10120232,5100-BU-068,Step ladder wall holder installation,HORTHO,"Facility, Server Room Main Floor",HORTH  O.,NOCO ORAS
M1,VSSS1,10253846,09/04/2017,,4,LOW-Opportunistic,P1,10125174,5300-BU-071,Main office entrance,MILLSJ,"Facility, Protective Services Offices",JOHN MILLS,NOPR ORAS
M1,VSSS1,10226736,03/23/2017,04/09/2017,4,LOW-Opportunistic,P1,10120231,5300-BU-071,Shelf load rating required,HORTHO,"Facility, Protective Services Offices",HORTH  O.,NOCO ORAS
M1,VSSS1,10226734,03/23/2017,04/09/2017,4,LOW-Opportunistic,P1,10120204,V????,Ceiling tile replacement,HORTHO,"Workstation 10, PSO, control Room, Nice",HORTH  O.,NOCO ORAS
M1,GKSSS,10216880,01/23/2017,04/17/2017,4,LOW-Opportunistic,P1,10120880,,ReInstall Coat Hooks in Meeting Room,COULOMBEM,,COULOMBEM,NOCO NOPT ORAS
M1,GKEST,10250622,08/25/2017,08/25/2017,4,LOW-Opportunistic,P1,,,Biometric Reader Not Working,BEAUDOINM,,BEAUDOINM,NOCO
M1,GKEST,10250621,08/25/2017,09/01/2017,4,LOW-Opportunistic,P1,20073935,,Reset Drift Cuter on ProVision,BEAUDOINM,,BEAUDOINM,NOCO ORAS
M1,GKEST,10222479,02/27/2017,02/27/2017,4,LOW-Opportunistic,P1,,,Fluorescent tube burnt out,MELVINB,,B. MELVIN,NOCO
M1,GKEST,10212920,12/31/2016,01/06/2017,4,LOW-Opportunistic,P1,10117973,3100-CMF-274,Camera is dirty,MELVINB,"CAMERA, F10274 Prim Crusher Rock Breaker",B. MELVIN,NOCO ORAS
M1,GKEST,10212921,12/31/2016,01/06/2017,4,LOW-Opportunistic,P1,10117974,3100-CMF-277,Camera is dirty,MELVINB,"CAMERA, F10277 Prim Crusher Disch Belt",B. MELVIN,NOCO ORAS
M1,GKEST,10212922,12/31/2016,06/25/2017,4,LOW-Opportunistic,P1,10123013,3100-CMF-278,Camera is dirty,MELVINB,"CAMERA, F10278 Stockpile Reclaim Hopper",B. MELVIN,NOCO ORAS
M1,GKEST,10212923,12/31/2016,04/03/2017,4,LOW-Opportunistic,P1,,3100-CMF-279,Camera is dirty,MELVINB,"CAMERA, F10279 Stockpile Reclaim Feeder",B. MELVIN,NOCO
M1,GKEST,10212924,12/31/2016,06/25/2017,4,LOW-Opportunistic,P1,10123014,3100-CMF-280,Camera is dirty,MELVINB,"CAMERA, F10280 Primary Scrubber",B. MELVIN,NOCO ORAS
M1,GKEST,10212925,12/31/2016,06/25/2017,4,LOW-Opportunistic,P1,10123015,3100-CMF-283,Camera is dirty,MELVINB,"CAMERA, F20283 Plant Fd Belt",B. MELVIN,NOCO ORAS
M1,GKEST,10212907,12/31/2016,01/06/2017,4,LOW-Opportunistic,P1,10117975,3300-CMF-228,Camerqa is out of focus,MELVINB,"CAMERA, F20228 Fines DMS Underflow NW",B. MELVIN,NOCO ORAS
M1,GKEST,10212908,12/31/2016,01/06/2017,4,LOW-Opportunistic,P1,10117976,3300-CMF-229,Camera is out of focus,MELVINB,"CAMERA, F20229 Fines DMS Underflow SW",B. MELVIN,NOCO ORAS
M1,GKEST,10212915,12/31/2016,01/06/2017,4,LOW-Opportunistic,P1,10117977,3400-CMF-002,Camera is out of focus,MELVINB,"CAMERA, F30002 Sink Scr West Mid Bin W",B. MELVIN,NOCO ORAS
M1,GKEST,10212912,12/31/2016,01/06/2017,4,LOW-Opportunistic,P1,10117978,3400-CMF-007,Camera is out of focus,MELVINB,"CAMERA, F30007 Sink Screen West Pump",B. MELVIN,NOCO ORAS
M1,GKEST,10212902,12/31/2016,06/26/2017,4,LOW-Opportunistic,P1,10123016,3400-CMF-017,Camera is dirty,MELVINB,"CAMERA, F30017 Exp Bay Ext Entrance",B. MELVIN,NOCO ORAS
M1,GKEST,10212917,12/31/2016,06/26/2017,4,LOW-Opportunistic,P1,10123017,3400-CMF-105,Camera is dirty,MELVINB,"CAMERA, F32105 Sink Screen West NE",B. MELVIN,NOCO ORAS
M1,GKEST,10212916,12/31/2016,06/26/2017,4,LOW-Opportunistic,P1,10123018,3400-CMF-121,Camera is dirty,MELVINB,"CAMERA, F32121 Sink Screen East NE",B. MELVIN,NOCO ORAS
M1,GKEST,10212913,12/31/2016,01/06/2017,4,LOW-Opportunistic,P1,10117979,3400-CMF-170,Camera is out of focus,MELVINB,"CAMERA, F36170 Grease Belt Feed Bin SE",B. MELVIN,NOCO ORAS
M1,GKEST,10212914,12/31/2016,01/06/2017,4,LOW-Opportunistic,P1,10118020,3400-CMF-182,Camera is out of focus,MELVINB,"CAMERA, F36182 4F Lifting Well",B. MELVIN,NOCO ORAS
M1,GKEST,10212928,12/31/2016,01/06/2017,4,LOW-Opportunistic,P1,10118021,3400-CMP-167,Camera is out of focus,MELVINB,"CAMERA, P35167 3FM West PTZ",B. MELVIN,NOCO ORAS
M1,GKEST,10212929,12/31/2016,01/06/2017,4,LOW-Opportunistic,P1,10118022,3400-CMP-172,Issue with camera control,MELVINB,"CAMERA, P36172 Underpans West PTZ",B. MELVIN,NOCO ORAS
M1,GKEST,10212905,12/31/2016,06/25/2017,4,LOW-Opportunistic,P1,10123019,3810-CMF-202,Camera is dirty,MELVINB,"CAMERA, F20202 Proc Plant Emer Exit D7",B. MELVIN,NOCO ORAS
M1,GKEST,10212906,12/31/2016,06/25/2017,4,LOW-Opportunistic,P1,10123060,3810-CMF-203,Camera is dirty,MELVINB,"CAMERA, F20203 Proc Plant Emer Exit D6",B. MELVIN,NOCO ORAS
M1,GKEST,10212926,12/31/2016,06/25/2017,4,LOW-Opportunistic,P1,10123061,3810-CMF-205,Camera is dirty,MELVINB,"CAMERA, F20205 Blue Area Exit",B. MELVIN,NOCO ORAS
M1,GKEST,10212918,12/31/2016,01/06/2017,4,LOW-Opportunistic,P1,10118023,3810-CMF-207,Camera appears to have humidity in housi,MELVINB,"CAMERA, F20207 East OHD Interior View",B. MELVIN,NOCO ORAS
M1,GKEST,10212919,12/31/2016,,4,LOW-Opportunistic,P1,10123062,3810-CMF-209,Camera is dirty,MELVINB,"CAMERA, F20209 Transfer Tower Emerg Exit",B. MELVIN,NOPR ORAS
M1,GKEST,10212909,12/31/2016,01/06/2017,4,LOW-Opportunistic,P1,10118024,3810-CMF-212,Camera is out of focus,MELVINB,"CAMERA, F20212 Maint Shop Emerg Exit D2",B. MELVIN,NOCO ORAS
M1,GKEST,10212910,12/31/2016,06/25/2017,4,LOW-Opportunistic,P1,10123063,3810-CMF-213,Camera is dirty,MELVINB,"CAMERA, F20213 Proc Plant Emer Exit D2",B. MELVIN,NOCO ORAS
M1,GKEST,10212911,12/31/2016,06/25/2017,4,LOW-Opportunistic,P1,10123064,3810-CMF-222,Camera is dirty,MELVINB,"CAMERA, F20222 Rec Mat Xfr OHD Proc Side",B. MELVIN,NOCO ORAS
M1,GKEST,10212927,12/31/2016,07/01/2017,4,LOW-Opportunistic,P1,10123065,3810-CMP-200,Camera is dirty,MELVINB,"CAMERA, P20200 Proc Plant Exterior NE",B. MELVIN,NOCO ORAS
M1,GKEST,10249647,08/19/2017,,4,LOW-Opportunistic,P1,10125444,5200-CMF-270,Camp Lobby Camera Relocate,BARTLETTK,"CAMERA, F10270 Camp Arrival Lobby",BARTLETTK,NOPR ORAS
M1,VSSS1,10199953,10/23/2016,11/27/2016,5,Low,PM,10115955,,silicone a gap at the sink,MILLSJ,,JOHN MILLS,NOCO ORAS
M1,VSEE1,10199620,10/21/2016,10/22/2016,5,Low,PM,,,Telephone Luggage area,MILLSJ,,JOHN MILLS,NOCO
M1,VSEE1,10206058,12/01/2016,12/13/2016,5,Low,PM,10117154,3400-CMF-302 VR3-F-302,Picture is black,QUACHEGANJ,REC 3RD FL FIXED CAMERA FINES/MIDS RECON,QUACHEGANJ,NOCO ORAS
M1,VSEE1,10206057,12/01/2016,01/13/2017,5,Low,PM,10117153,5300-CMF-209,Red Exit Vestibule losng camera picture.,QUACHEGANJ,RED AREA EXIT VEST FIXED CAMERA,QUACHEGANJ,NOCO ORAS
M1,GKSSS,10189611,09/05/2016,09/05/2016,5,Low,PM,,,Build shelf for security meeting room,COULOMBEM,,COULOMBEM,DLFL NOCO
M1,GKSSS,10189612,09/05/2016,09/05/2016,5,Low,PM,,,Take down the shelf in the security room,COULOMBEM,,COULOMBEM,DLFL NOCO
M1,GKMPL,10199375,10/19/2016,11/22/2016,5,Low,PM,10116636,,Install Irams stand at the fines cyclone,MELVINB,,MELVINB,NOCO ORAS
M1,GKMPL,10199376,10/19/2016,11/21/2016,5,Low,PM,10116646,,Install Irams stand at the coursecyclone,MELVINB,,MELVINB,NOCO ORAS
M1,GKEST,10199498,10/21/2016,01/22/2017,5,Low,PM,10115899,,Move bio reader and telephone,COULOMBEM,,COULOMBEM,NOCO ORAS
M2,VSEE1,10193137,09/17/2016,09/19/2016,5,Low,PM,10114991,3900-BRD-002,Sensor recalibration or Unit replacement,HORTHO,PCS Server Room Bio Reader,HORTH  O.,NOCO ORAS
M1,VSEE1,10188647,08/09/2016,08/11/2016,1,Immediate,PM,10114085,,NVR - 29 failure,QUACHEGANJ,,JUNE Q,NOCO ORAS
M1,GKSSS,10207150,12/07/2016,04/05/2017,1,Immediate,PM,,,Repair Furnace in D114,MELVINB,,MELVINB,NOCO NOPT
M1,VSSS1CAR,10229937,04/15/2017,04/18/2017,2,HIGH-Within 2 Weeks,P1,10120931,,Door handles damaged,QUACHEGANJ,,QUACHEGANJ,NOCO ORAS
M1,VSEE1,10249090,08/15/2017,08/19/2017,2,HIGH-Within 2 Weeks,P1,20073781,,UPS failure - luggage screening,HORTHO,,7003138,NOCO ORAS
M1,VSEE1,10234814,05/16/2017,05/29/2017,2,HIGH-Within 2 Weeks,P1,20072652,,PS lights burnt (x3).,QUACHEGANJ,,QUACHEGANJ,NOCO ORAS
M1,VSEE1,10234552,05/14/2017,05/14/2017,2,HIGH-Within 2 Weeks,P1,20072520,,PS Men's Washroom lights burnt out,QUACHEGANJ,,JUNE Q,NOCO ORAS
M1,VSSS1,10242642,07/04/2017,07/29/2017,2,HIGH-Within 2 Weeks,P1,10123326,,PCC flooring,QUACHEGANJ,,JUNE Q,NOCO ORAS
M1,VSEE1,10215412,01/15/2017,01/15/2017,2,HIGH-Within 2 Weeks,P1,,,printer not connect to network,MILLSJ,,JOHN MILLS,NOCO
M1,VSEE1,10232547,05/02/2017,05/15/2017,2,HIGH-Within 2 Weeks,P1,10121556,,Camera lost image,CVETKOVSKIZ,,CVETKOVSKIZ,NOCO ORAS
M1,VSEE1,10234328,05/13/2017,05/30/2017,2,HIGH-Within 2 Weeks,P1,10121825,,PTZ camera not working and not recording,QUACHEGANJ,,JUNE Q,NOCO ORAS
M1,VSSS1,10246801,08/01/2017,08/04/2017,2,HIGH-Within 2 Weeks,P1,10124142,,Fix amature that is not aligned.,QUACHEGANJ,,QUACHEGANJ,NOCO ORAS
M1,VSEE1,10218189,01/31/2017,04/01/2017,2,HIGH-Within 2 Weeks,P1,10118841,3811-XR-002,Noise coming from X-Ray - fan,HORTHO,"X-Ray Machine, Export Bay PCC",HORTH  O.,NOCO ORAS
M1,VSSS1,10214406,01/09/2017,01/17/2017,2,HIGH-Within 2 Weeks,P1,10118197,3811-XR-002,Cold Temps in Export Bay-impacting X-Ray,HORTHO,"X-Ray Machine, Export Bay PCC",HORTHO,NOCO ORAS
M1,VSEE1,10234815,05/16/2017,08/14/2017,2,HIGH-Within 2 Weeks,P1,10122206,3321-CMP-003 VIC.PPT.P.3.298,No PTZ camera function.,QUACHEGANJ,Fines Screen Prep PTZ CAMERA,QUACHEGANJ,NOCO ORAS
M1,VSEE1,10237690,06/04/2017,06/19/2017,2,HIGH-Within 2 Weeks,P1,10122478,3400-BRD-601,bio-reader not working properly,QUACHEGANJ,REC 6TH FL VIRT BAR ENT BIO CARD READER,JUNE Q,NOCO ORAS
M1,VSEE1,10234219,05/13/2017,,2,HIGH-Within 2 Weeks,P1,10121824,3400-CMC-102  VR1-C-102,Camera not working and not recording,QUACHEGANJ,GLOVEBOX PCB CAMERA Manual Sieve Area,JUNE Q,NOPR ORAS
M1,VSEE1,10220827,02/17/2017,,2,HIGH-Within 2 Weeks,P1,10119345,3400-CMF-115 VRG-F-115,VIC-RPT.F.3.1.118 Pneumodrier Transfer,MILLSJ,GROUND FL FIXED CAMERA Pneumo Xfer Pipes,JOHN MILLS,NOPR ORAS
M1,VSEE1,10225609,03/20/2017,,2,HIGH-Within 2 Weeks,P1,20071776,3400-CMF-209 VR2-F-209,VIC.RTR.F.3.2.062 distorted image again,QUACHEGANJ,REC 2ND FL FIXED CAMERA FINES/MIDS CHUTE,QUACHEGANJ,NOPR ORAS
M1,VSEE1,10231914,04/28/2017,05/12/2017,2,HIGH-Within 2 Weeks,P1,10121516,3400-CMF-212 VR2-F-212,Camera lost image,CVETKOVSKIZ,REC 2ND FL FIXED CAMERA SEC FINES XR7 PR,CVETKOVSKIZ,NOCO ORAS
M1,VSEE1,10249219,08/16/2017,09/01/2017,2,HIGH-Within 2 Weeks,P1,10124687,3400-CMF-310 VR3-F-310,Camera service-lost signal,HORTHO,REC 3RD FL FIXED CAMERA FLOOR OVERVIEW,7003138,NOCO ORAS
M1,VSEE1,10211110,12/19/2016,02/15/2017,2,HIGH-Within 2 Weeks,P1,10117758,3400-CMF-607 VR6-F-607,Re-position camera - sizing room,MILLSJ,REC 6FL FIXED CAMERA SIZ SCRN FEEDER,MILLSJ,NOCO ORAS
M1,VSEE1,10217620,01/28/2017,05/27/2017,2,HIGH-Within 2 Weeks,P1,20070948,3400-SDM-155,Vault gate DSM defective,HORTHO,VAULT DR CONTACT,HORTH  O.,NOCO ORAS
M1,VSEE1,10207416,12/09/2016,12/21/2016,2,HIGH-Within 2 Weeks,P1,10117343,5300-CMF-008,VIC.REX.F.3.2.014 - Red Exit Vestibule,HORTHO,RED AREA ENT VEST 1 FIXED CAMERA,HORTH  O.,NOCO ORAS
M1,VSEE1,10248390,08/11/2017,,2,HIGH-Within 2 Weeks,P1,10124340,5300-CMF-220,Camera service - PS upstairs server room,HORTHO,PS EQUIP RM INTERIOR FIXED CAMERA,7003138,NOPR ORAS
M1,VSEE1,10258528,09/14/2017,09/15/2017,2,HIGH-Within 2 Weeks,P1,20074208,5300-SRV-202,Uninterruptible Power Supply (UPS),HORTHO,PS CONTROL RM CCTV WORKSTATION,7003138,NOCO ORAS
M1,VSEE1,10240252,06/19/2017,,2,HIGH-Within 2 Weeks,P1,10122900,V001531,LeadHand workstation lost power,CVETKOVSKIZ,"Workstation 1, PSO, PCC, Lenel, Nice",CVETKOVSKIZ,NOPR ORAS
M1,VSEE1,10228131,04/03/2017,05/29/2017,2,HIGH-Within 2 Weeks,P1,10120693,V001530,Investigate alarm code.,CVETKOVSKIZ,"Workstation 2, PSO, PCC, Lenel, Nice",CVETKOVSKIZ,NOCO ORAS
M1,VSEE1,10238554,06/09/2017,06/11/2017,2,HIGH-Within 2 Weeks,P1,20072846,3400-CMP-257 VD-P-257-DTC,another ptz down in valuation room #3,QUACHEGANJ,DTC VALUATION PTZ CAMERA S/E,JUNE Q,NOCO ORAS
M1,VSEE1,10238531,06/09/2017,06/10/2017,2,HIGH-Within 2 Weeks,P1,20072844,3400-CMP-259 VD-P-259-DTC,Valuation Room PTZ camera making noise,QUACHEGANJ,DTC VALUATION PTZ CAMERA,JUNE Q,NOCO ORAS
M1,VSEE1,10238532,06/09/2017,06/10/2017,2,HIGH-Within 2 Weeks,P1,20072845,3400-CMP-259 VD-P-259-DTC,Another PTZ camera in Valuation Room,QUACHEGANJ,DTC VALUATION PTZ CAMERA,JUNE Q,NOCO ORAS
M1,VSEE1,10221048,02/18/2017,02/28/2017,2,HIGH-Within 2 Weeks,P1,10119402,3900-CRD-118,Process Plant Recirc conveyor,MILLSJ,Recirc Conv #1 Access Tube PP Card Readr,JOHN MILLS,NOCO ORAS
M1,VSEE1,10241248,06/25/2017,08/13/2017,2,HIGH-Within 2 Weeks,P1,10122974,3900-SFB-105,Fire Alarm Release Resetting Automatical,BARTLETTK,Met Lab SECURITY FIELD BOX,BARTLETT,NOCO ORAS
M1,GKSSS,10216203,01/19/2017,02/14/2017,2,HIGH-Within 2 Weeks,P1,10119066,5000,HVAC System in PCC/Red Area,COULOMBEM,,COULOMBEM,NOCO ORAS
M1,GKEST,10221949,02/23/2017,05/09/2017,2,HIGH-Within 2 Weeks,P1,10119600,,Dorm A3 Rear emergency light out,MELVINB,,B. MELVIN,NOCO ORAS
M1,GKSSS,10212005,12/26/2016,04/08/2017,2,HIGH-Within 2 Weeks,P1,,,Request to repair heat control in PCC,COULOMBEM,,COULOMBEM,NOCO NOPT
M1,GKEST,10216158,01/18/2017,03/24/2017,2,HIGH-Within 2 Weeks,P1,10118567,,Install bio-readers in DMS Blue Area,COULOMBEM,,COULOMBEM,NOCO ORAS
M1,GKSSS,10249869,08/20/2017,,2,HIGH-Within 2 Weeks,P1,,,emergency door first floor in sorthouse,MELVINB,,B. MELVIN,OSNO
M1,GKMPL,10249868,08/20/2017,09/06/2017,2,HIGH-Within 2 Weeks,P1,10124853,,Sorthouse topfloor holes require closing,MELVINB,,B. MELVIN,NOCO ORAS
M1,GKSSS,10249867,08/20/2017,,2,HIGH-Within 2 Weeks,P1,,,Gaps at the overhead Red/Blue door,MELVINB,,B. MELVIN,OSNO
M1,GKSSS,10249866,08/20/2017,,2,HIGH-Within 2 Weeks,P1,,,Weather stripping on the export overhead,MELVINB,,B. MELVIN,OSNO
M1,GKSSS,10249865,08/20/2017,,2,HIGH-Within 2 Weeks,P1,,,Fire exit door from red to blue,MELVINB,,B. MELVIN,OSNO
M1,GKMPL,10249864,08/20/2017,09/06/2017,2,HIGH-Within 2 Weeks,P1,10124852,,cladding on th enorth wall open seam,MELVINB,,B. MELVIN,NOCO ORAS
M1,GKMPL,10249863,08/20/2017,09/06/2017,2,HIGH-Within 2 Weeks,P1,10124851,,Hole in the ceiling of rhe corse sink sc,MELVINB,,B. MELVIN,NOCO ORAS
M1,GKMPL,10249862,08/20/2017,09/06/2017,2,HIGH-Within 2 Weeks,P1,10124850,,Hole in the ceiling of rhe corse sink sc,MELVINB,,B. MELVIN,NOCO ORAS
M1,GKMPL,10249861,08/20/2017,09/06/2017,2,HIGH-Within 2 Weeks,P1,10124849,,Holes in the ceiling beside the course,MELVINB,,B. MELVIN,NOCO ORAS
M1,GKMPL,10249840,08/20/2017,09/06/2017,2,HIGH-Within 2 Weeks,P1,10124848,,Hole in the limotex gasket in Red Shell,MELVINB,,B. MELVIN,NOCO ORAS
M1,GKEST,10249409,08/18/2017,08/21/2017,2,HIGH-Within 2 Weeks,P1,10124527,,Stut off Recovery lights Integrity test,MELVINB,,B. MELVIN,NOCO ORAS
M1,GKEST,10249358,08/17/2017,08/19/2017,2,HIGH-Within 2 Weeks,P1,10124524,,Over head door not opening all the way,MELVINB,,B. MELVIN,NOCO ORAS
M1,GKEST,10231233,04/24/2017,04/28/2017,2,HIGH-Within 2 Weeks,P1,10121308,,emergency light not working - Red office,MELVINB,,B. MELVIN,NOCO ORAS
M1,GKEST,10216310,01/19/2017,01/30/2017,2,HIGH-Within 2 Weeks,P1,10118372,,Alarms on Ravens in Recovery Sort House,COULOMBEM,,COULOMBEM,NOCO ORAS
M1,GKMPL,10223798,03/08/2017,03/20/2017,2,HIGH-Within 2 Weeks,P1,10120005,,two large holes between screen 1 and 8,MELVINB,,B. MELVIN,NOCO ORAS
M1,GKEST,10257613,09/12/2017,,2,HIGH-Within 2 Weeks,P1,10125361,,holes in all raven machines,MELVINB,,B. MELVIN,NOPR ORAS
M1,GKEST,10234959,05/18/2017,05/20/2017,2,HIGH-Within 2 Weeks,P1,,,all ravens -holes btn electrical/product,MELVINB,,B. MELVIN,NOCO
M1,GKEST,10221062,02/18/2017,,2,HIGH-Within 2 Weeks,P1,10119426,,XRay Alarm Testing Results,BARTLETTK,,BARTLETTK,NOPR ORAS
M1,GKEST,10251151,08/28/2017,09/01/2017,2,HIGH-Within 2 Weeks,P1,20073992,,Biometric Reader Not Working,BEAUDOINM,,BEAUDOINM,NOCO ORAS
M1,GKEST,10208191,12/13/2016,01/06/2017,2,HIGH-Within 2 Weeks,P1,10117415,,Red entrance sequence not working,MELVINB,,B. MELVIN,NOCO ORAS
M1,GKSSS,10217459,01/27/2017,04/19/2017,2,HIGH-Within 2 Weeks,P1,,,Door Latch Not Working,BARTLETTK,,BARTLETTK,NOCO NOPT
M1,GKEST,10236546,05/28/2017,05/29/2017,2,HIGH-Within 2 Weeks,P1,20072638,,Red entry door sequence not working,MELVINB,,B. MELVIN,NOCO ORAS
M1,GKSSS,10255277,09/07/2017,,2,HIGH-Within 2 Weeks,P1,,,Shelf for monitor and key boards req'd,MELVINB,,B. MELVIN,OSNO
M1,GKEST,10249000,08/15/2017,09/03/2017,2,HIGH-Within 2 Weeks,P1,10124453,,Installation of 2 new cameras,MELVINB,,B. MELVIN,NOCO ORAS
M1,GKSSS,10248916,08/14/2017,,2,HIGH-Within 2 Weeks,P1,,,The door frame allows a large gap when c,MELVINB,,B. MELVIN,OSNO
M1,GKSSS,10256632,09/10/2017,,2,HIGH-Within 2 Weeks,P1,,,"Boot cleaning station, wood with holes",MELVINB,,B. MELVIN,OSNO
M1,GKEST,10236529,05/27/2017,05/28/2017,2,HIGH-Within 2 Weeks,P1,20072659,,Furnace blowing cold air,MELVINB,,B. MELVIN,NOCO ORAS
M1,GKEST,10236293,05/25/2017,07/01/2017,2,HIGH-Within 2 Weeks,P1,10122136,,Assistance to trouble shoot traka,MELVINB,,B. MELVIN,NOCO ORAS
M1,GKSSS,10256097,09/09/2017,,2,HIGH-Within 2 Weeks,P1,,,Water leaking into the termination room,MELVINB,,B. MELVIN,OSNO
M1,GKEST,10222971,03/02/2017,03/08/2017,2,HIGH-Within 2 Weeks,P1,10119705,,investigate thermostat,MELVINB,,B. MELVIN,NOCO ORAS
M1,GKEST,10223960,03/09/2017,,2,HIGH-Within 2 Weeks,P1,,,4th floor cameras off-line,MELVINB,,B. MELVIN,OSNO
M1,GKEST,10249640,08/19/2017,08/28/2017,2,HIGH-Within 2 Weeks,P1,10124612,,Search Camera Addition - PCC,BARTLETTK,,BARTLETTK,NOCO ORAS
M1,GKEST,10240247,06/19/2017,06/23/2017,2,HIGH-Within 2 Weeks,P1,10122833,2300-CMP-268,No network connection,MELVINB,"CAMERA, P10268 Airstrip PTZ",B. MELVIN,NOCO ORAS
M1,GKEST,10227069,03/26/2017,04/08/2017,2,HIGH-Within 2 Weeks,P1,10120395,3100-CMF-281,Camera requires to be repositioned,MELVINB,"CAMERA, F10281 Second Crusher Fd Belt",B. MELVIN,NOCO ORAS
M1,GKEST,10243418,07/10/2017,07/13/2017,2,HIGH-Within 2 Weeks,P1,10123462,3400-CMF-014,Camera 3.0.016 Export Bay Interior,BARTLETTK,"CAMERA, F30014 Export Bay Internal OHD",BARTLETTK,NOCO ORAS
M1,GKEST,10221020,02/18/2017,02/20/2017,2,HIGH-Within 2 Weeks,P1,10119427,3400-CMF-058,Main and Grease Glovebox Cameras,BARTLETTK,"CAMERA, F30058 Srt Hse Glovebox Int 1",BARTLETTK,NOCO ORAS
M1,GKEST,10214369,01/09/2017,01/19/2017,2,HIGH-Within 2 Weeks,P1,10118076,3400-CMP-044,bracket has shook loose,MELVINB,"CAMERA, P30044 Ball Mill Sump PTZ",B. MELVIN,NOCO ORAS
M1,GKEST,10217872,01/29/2017,03/24/2017,2,HIGH-Within 2 Weeks,P1,10118901,5110-CMP-282,Truck Shop Ext Camera Repair,BARTLETTK,"CAMERA, P10282 Truck Shop",BARTLETTK,NOCO ORAS
M1,GKEST,10220782,02/16/2017,03/08/2017,2,HIGH-Within 2 Weeks,P1,10119418,3100-SFB-002,Install Heater in 3100-SFB-002,BARTLETTK,"BOX, Field Security, Reclaim Area",BARTLETTK,NOCO ORAS
M1,GKEST,10222845,03/01/2017,06/04/2017,2,HIGH-Within 2 Weeks,P1,10119713,3400-SFB-001,Breaker trips during power outages,MELVINB,"BOX, Field Security, Recovery Sort House",B. MELVIN,NOCO ORAS
M1,GKEST,10213873,01/06/2017,01/13/2017,2,HIGH-Within 2 Weeks,P1,10118092,3400-SFB-004,SFB 2nd floor battery fail alaarm,MELVINB,"BOX, Field Security, Recovery Area 2F",B. MELVIN,NOCO ORAS
M1,GKEST,10222844,03/01/2017,03/13/2017,2,HIGH-Within 2 Weeks,P1,10119714,4900-SFB-001,Breaker trips during power outages,MELVINB,"BOX, Field Security, IT Server Room",B. MELVIN,NOCO ORAS
M1,GKEST,10213871,01/06/2017,01/13/2017,2,HIGH-Within 2 Weeks,P1,10118093,5200-SFB-001,Battery fail alarm for the SFBMain Camp,MELVINB,"BOX, Field Security, Luggage Screen Area",B. MELVIN,NOCO ORAS
M1,GKEST,10217638,01/28/2017,01/31/2017,2,HIGH-Within 2 Weeks,P1,10118790,3400-SVB-001,Virtual Barrier Steady Alarm,BARTLETTK,"BARRIER, Virtual, 1F",BARTLETTK,NOCO ORAS
M1,GKEST,10230910,04/21/2017,04/28/2017,2,HIGH-Within 2 Weeks,P1,10121210,3400-SVB-002,The bioreader does not work,MELVINB,"BARRIER, Virtual, 2F",B. MELVIN,NOCO ORAS
M1,GKEST,10217639,01/28/2017,01/31/2017,2,HIGH-Within 2 Weeks,P1,10118791,3400-SVB-002,Virtual Barrier Steady Alarm,BARTLETTK,"BARRIER, Virtual, 2F",BARTLETTK,NOCO ORAS
M1,GKEST,10217640,01/28/2017,01/31/2017,2,HIGH-Within 2 Weeks,P1,10118792,3400-SVB-003,Virtual Barrier Steady Alarm,BARTLETTK,"BARRIER, Virtual, 3F",BARTLETTK,NOCO ORAS
M1,GKEST,10220825,02/17/2017,04/03/2017,2,HIGH-Within 2 Weeks,P1,10119419,3400-SVB-004,Virtual Barrier is Faulted - to be repla,BARTLETTK,"BARRIER, Virtual, 4F",BARTLETTK,NOCO ORAS
M1,GKEST,10217641,01/28/2017,01/31/2017,2,HIGH-Within 2 Weeks,P1,10118793,3400-SVB-004,Virtual Barrier Steady Alarm,BARTLETTK,"BARRIER, Virtual, 4F",BARTLETTK,NOCO ORAS
M1,GKEST,10232228,04/30/2017,,2,HIGH-Within 2 Weeks,P1,10121488,3400-SDM-030,Raven door sensors not working,MELVINB,"CONTACT 1, Door, 1FM Raven 1",B. MELVN,NOPR ORAS
M1,GKEST,10220970,02/18/2017,,2,HIGH-Within 2 Weeks,P1,10119428,3400-SDM-030,Raven Switches,BARTLETTK,"CONTACT 1, Door, 1FM Raven 1",BARTLETTK,NOPR ORAS
M1,GKEST,10217652,01/28/2017,01/31/2017,2,HIGH-Within 2 Weeks,P1,10118794,3400-SDM-030,Raven 1 - Door Contact,BARTLETTK,"CONTACT 1, Door, 1FM Raven 1",BARTLETTK,NOCO ORAS
M1,GKEST,10232229,04/30/2017,,2,HIGH-Within 2 Weeks,P1,10121484,3400-SDM-033,All ravens and all doors sensors do not,MELVINB,"CONTACT 1, Door, 1FM Raven 2",B. MELVIN,NOPR ORAS
M1,GKEST,10232230,04/30/2017,,2,HIGH-Within 2 Weeks,P1,10121485,3400-SDM-036,All ravens and all doors sensors do not,MELVINB,"CONTACT 1, Door, 1FM Raven 3",B. MELVIN,NOPR ORAS
M1,GKEST,10232231,04/30/2017,,2,HIGH-Within 2 Weeks,P1,10121486,3400-SDM-039,All ravens and all doors sensors do not,MELVINB,"CONTACT 1, Door, 1FM Raven 4",B. MELVIN,NOPR ORAS
M1,GKEST,10232226,04/30/2017,,2,HIGH-Within 2 Weeks,P1,10121487,3400-SDM-043,No alarm when IR dryer 1 is opened,MELVINB,"CONTACT 1, Door, 2F Dryer 1",B. MELVIN,NOPR ORAS
M1,GKEST,10236285,05/25/2017,05/27/2017,2,HIGH-Within 2 Weeks,P1,20072648,3400-BRD-014,Bioreader working intermitently,MELVINB,"READER, Bio, IN, 1F Virtual Barrier",B. MELVIN,NOCO ORAS
M1,GKEST,10231687,04/26/2017,04/28/2017,2,HIGH-Within 2 Weeks,P1,10121373,3400-BRD-015,2nd floor recovery bioreader,MELVINB,"READER, Bio, IN, 2F Virtual Barrier",B. MELVIN,NOCO ORAS
M1,GKEST,10257605,09/12/2017,09/16/2017,2,HIGH-Within 2 Weeks,P1,10125312,3400-BRD-015,Bio reader not functioning,MELVINB,"READER, Bio, IN, 2F Virtual Barrier",B. MELVIN,NOCO ORAS
M1,GKEST,10249532,08/18/2017,08/19/2017,2,HIGH-Within 2 Weeks,P1,10124532,3400-BRD-015,Bio reader not working,MELVINB,"READER, Bio, IN, 2F Virtual Barrier",B. MELVIN,NOCO ORAS
M1,GKEST,10240272,06/19/2017,06/23/2017,2,HIGH-Within 2 Weeks,P1,10122904,3400-BRD-015,Bio reader not working,MELVINB,"READER, Bio, IN, 2F Virtual Barrier",B. MELVIN,NOCO ORAS
M1,GKEST,10222870,03/02/2017,03/08/2017,2,HIGH-Within 2 Weeks,P1,10119706,3400-BRD-015,Bio reader not working,MELVINB,"READER, Bio, IN, 2F Virtual Barrier",B. MELVIN,NOCO ORAS
M1,GKEST,10240761,06/22/2017,06/23/2017,2,HIGH-Within 2 Weeks,P1,10122963,3400-BRD-015,Bio-reader not functioning,MELVINB,"READER, Bio, IN, 2F Virtual Barrier",B. MELVIN,NOCO ORAS
M1,GKEST,10213136,01/01/2017,01/13/2017,2,HIGH-Within 2 Weeks,P1,10118233,3400-BRD-016,Bio-reader is not working,MELVINB,"READER, Bio, IN, 3F Virtual Barrier",B. MELVIN,NOCO ORAS
M1,GKEST,10249533,08/18/2017,08/19/2017,2,HIGH-Within 2 Weeks,P1,10124533,3400-BRD-016,Bio reader not working,MELVINB,"READER, Bio, IN, 3F Virtual Barrier",B. MELVIN,NOCO ORAS
M1,GKEST,10241415,06/26/2017,,2,HIGH-Within 2 Weeks,P1,10123117,3400-BRD-016,Stopped working,MELVINB,"READER, Bio, IN, 3F Virtual Barrier",B. MELVIN,NOPR ORAS
M1,GKEST,10231688,04/26/2017,04/28/2017,2,HIGH-Within 2 Weeks,P1,10121374,3400-BRD-016,3rd floor bioreader is down,MELVINB,"READER, Bio, IN, 3F Virtual Barrier",B. MELVIN,NOCO ORAS
M1,GKEST,10207412,12/09/2016,12/17/2016,2,HIGH-Within 2 Weeks,P1,10117406,3400-BRD-016,3rd Floor Bio - reader not working,MELVINB,"READER, Bio, IN, 3F Virtual Barrier",B. MELVIN,NOCO ORAS
M1,GKEST,10227588,03/31/2017,04/03/2017,2,HIGH-Within 2 Weeks,P1,10120485,3400-BRD-017,Bio reader not functioning,MELVINB,"READER, Bio, IN, 4F Virtual Barrier",B. MELVIN,NOCO ORAS
M1,GKEST,10249534,08/18/2017,08/19/2017,2,HIGH-Within 2 Weeks,P1,10124534,3400-BRD-017,Bio reader not working,MELVINB,"READER, Bio, IN, 4F Virtual Barrier",B. MELVIN,NOCO ORAS
M1,GKEST,10222869,03/02/2017,03/08/2017,2,HIGH-Within 2 Weeks,P1,10119707,3400-BRD-017,Bio reader not working,MELVINB,"READER, Bio, IN, 4F Virtual Barrier",B. MELVIN,NOCO ORAS
M1,GKEST,10240762,06/22/2017,06/23/2017,2,HIGH-Within 2 Weeks,P1,10122964,3400-BRD-017,Bio-reader not functioning,MELVINB,"READER, Bio, IN, 4F Virtual Barrier",B. MELVIN,NOCO ORAS
M1,GKEST,10207838,12/12/2016,02/07/2017,2,HIGH-Within 2 Weeks,P1,10117408,3400-BRD-017,Bio-reader not working,MELVINB,"READER, Bio, IN, 4F Virtual Barrier",B. MELVIN,NOCO ORAS
M1,GKEST,10236286,05/25/2017,05/27/2017,2,HIGH-Within 2 Weeks,P1,20072649,3400-BRD-017,Bio reader not working,MELVINB,"READER, Bio, IN, 4F Virtual Barrier",B. MELVIN,NOCO ORAS
M1,GKEST,10240892,06/23/2017,06/26/2017,2,HIGH-Within 2 Weeks,P1,10123006,3400-BRD-012,Bio-reader not working,MELVINB,"READER, Bio, IN, GF Single Entry Booth",B. MELVIN,NOCO ORAS
M1,GKEST,10221041,02/18/2017,06/23/2017,2,HIGH-Within 2 Weeks,P1,10119406,3400-CRD-008,West DMS Card Readers,BARTLETTK,"READER, Card, IN, DMS Virual Barrier 1",BARTLETTK,NOCO ORAS
M1,GKEST,10240098,06/18/2017,06/23/2017,2,HIGH-Within 2 Weeks,P1,10122814,3400-CRD-006,Card reader is not working,MELVINB,"READER, Card, Out, 3F Virtual Barrier",B. MELVIN,NOCO ORAS
M1,VSEE1,10198063,10/12/2016,10/20/2016,3,High,PM,10115653,,PSO Women's washroom - lights burnt out,HORTHO,,HORTH O.,NOCO ORAS
M1,VSEE1,10198898,10/18/2016,10/31/2016,3,High,PM,10115806,,I-Robot Vacuum - Troubleshoot,HORTHO,,HORTH  O.,NOCO ORAS
M1,VSEE1,10198367,10/14/2016,11/17/2016,3,High,PM,10115659,,Luggage phone - cable connection issue,HORTHO,,HORTH  O.,NOCO ORAS
M1,VSEE1,10195884,09/29/2016,10/29/2016,3,High,PM,10115394,,VIC.RTR.F.3.2.062 Fines/Mids Chute,QUACHEGANJ,,JUNE Q,NOCO ORAS
M1,VSEE1,10192400,09/14/2016,09/19/2016,3,High,PM,10114888,3321-CM-002,Camera connectivity-interminttent,HORTHO,"Camera, Process",HORTH  O.,NOCO ORAS
M1,VSEE1,10198708,10/17/2016,01/13/2017,3,High,PM,20069399,3400-CMP-105 VRG-P-105,Camera repair - Blue image displaying,HORTHO,GROUND FL PTZ CAMERA PNEUMO/PK,HORTH  O.,NOCO ORAS
M1,VSEE1,10196788,10/04/2016,10/10/2016,3,High,PM,10115499,3400-SDM-156,Lenel alarm for Red Vault inner gate,QUACHEGANJ,VAULT DR CONTACT,JUNE Q,NOCO ORAS
M1,VSEE1,10189354,08/30/2016,09/10/2016,3,High,PM,10114580,3900-ML-002,P 4 exit,MILLSJ,BLUE AREA LAYDOWN AREA ELEC-MAG LOCK,JOHN MILLS,NOCO ORAS
M1,VSEE1,10191809,09/13/2016,09/19/2016,3,High,PM,20068880,3900-CMP-124 VIC.PPT.F.2.4.327,Camera repair - DMS - Blue - 4th floor,HORTHO,DMS Access 5th & 6th East Fixed CAMERA,HORTH  O.,NOCO ORAS
M1,VSEE1,10198016,10/11/2016,10/15/2016,3,High,PM,10115599,5300-BRD-250,Card reader - Amber light remaining on,HORTHO,Valuation Room Exterior BIO CARD READER,HORTH  O.,NOCO ORAS
M1,GKSSS,10207152,12/07/2016,12/09/2016,3,High,PM,,,Fix thermostat in the red area hallway,MELVINB,,B. MELVIN,NOCO
M1,GKEST,10203345,11/14/2016,11/20/2016,3,High,PM,10116573,2300-CMP-268,Airport camera is off-line,MELVINB,"CAMERA, P10268 Airstrip PTZ",B. MELVIN,NOCO ORAS
M2,VSEE1,10190019,09/10/2016,10/11/2016,3,High,PM,20068647,2300-CMP-001 VE-P-3014,repair PTZ camera at airport - security,HORTHO,AIRPORT PTZ CAMERA VIC.P.1.1.114,HORTH  O.,NOCO ORAS
